<?xml version="1.0" encoding="UTF-8"?>

<DataSources>

    <!-- ===================================================== -->
    <!-- 1) DATASOURCE BAWAAN : FOODMART (JANGAN DIHAPUS) -->
    <!-- ===================================================== -->
    <DataSource>

        <DataSourceName>
            Provider=Mondrian;DataSource=MondrianFoodMart;
        </DataSourceName>

        <DataSourceDescription>
            Mondrian FoodMart Data Warehouse
        </DataSourceDescription>

        <URL>
            http://localhost:8080/mondrian/xmla
        </URL>

        <DataSourceInfo>
            Provider=mondrian;
            Jdbc=jdbc:h2:mem:foodmart;
            JdbcUser=sa;
            JdbcPassword=;
            JdbcDrivers=org.h2.Driver;
        </DataSourceInfo>

        <ProviderName>Mondrian</ProviderName>
        <ProviderType>MDP</ProviderType>
        <AuthenticationMode>Unauthenticated</AuthenticationMode>

        <Catalogs>
            <Catalog name="FoodMart">
                <Definition>/WEB-INF/queries/FoodMart.xml</Definition>
            </Catalog>
        </Catalogs>

    </DataSource>

    <!-- ===================================================== -->
    <!-- 2) DATASOURCE PUNYAMU : ADVENTUREWORKS DW -->
    <!-- ===================================================== -->
    <DataSource>

        <DataSourceName>
            Provider=Mondrian;DataSource=AdventureWorksDW;
        </DataSourceName>

        <DataSourceDescription>
            AdventureWorks Data Warehouse (Student Project)
        </DataSourceDescription>

        <URL>
            http://localhost:8080/mondrian/xmla
        </URL>

        <DataSourceInfo>
            Provider=mondrian;
            Jdbc=jdbc:mysql://localhost:3306/dw_adventurework_fp;
            JdbcUser=root;
            JdbcPassword=;
            JdbcDrivers=com.mysql.cj.jdbc.Driver;
        </DataSourceInfo>

        <ProviderName>Mondrian</ProviderName>
        <ProviderType>MDP</ProviderType>
        <AuthenticationMode>Unauthenticated</AuthenticationMode>

        <Catalogs>
            <Catalog name="AdventureWorksDW">
                <Definition>/WEB-INF/classes/dw_adventureworks.xml</Definition>
            </Catalog>
        </Catalogs>

    </DataSource>

</DataSources>
