<?xml version="1.0" encoding="UTF-8"?>
<Schema name="AdventureWorksDW">

  <!-- ========================================================= -->
  <!-- ENTERPRISE CUBE : SEMUA BUSINESS QUESTION DALAM 1 CUBE -->
  <!-- ========================================================= -->

  <Cube name="EnterpriseCube" cache="true" enabled="true">

    <!-- ===================================================== -->
    <!-- FACT SOURCE (VIEW / FACT UTAMA) -->
    <!-- ===================================================== -->
    <!-- Jika belum pakai VIEW, ganti dengan fact_sales -->
    <Table name="vw_enterprise_fact"/>

    <!-- ===================================================== -->
    <!-- DIMENSION TIME -->
    <!-- ===================================================== -->
    <Dimension name="Time" foreignKey="TimeKey">
      <Hierarchy hasAll="true" primaryKey="TimeKey">
        <Table name="dim_time"/>
        <Level name="Year" column="Year" type="Numeric"/>
        <Level name="Quarter" column="Quarter" type="Numeric"/>
        <Level name="Month" column="MonthName"/>
        <Level name="Day" column="Day" type="Numeric"/>
      </Hierarchy>
    </Dimension>

    <!-- ===================================================== -->
    <!-- DIMENSION PRODUCT -->
    <!-- ===================================================== -->
    <Dimension name="Product" foreignKey="ProductKey">
      <Hierarchy hasAll="true" primaryKey="ProductKey">
        <Table name="dim_product"/>
        <Level name="Category" column="CategoryName"/>
        <Level name="SubCategory" column="SubCategoryName"/>
        <Level name="Product" column="ProductName"/>
      </Hierarchy>
    </Dimension>

    <!-- ===================================================== -->
    <!-- DIMENSION CUSTOMER -->
    <!-- ===================================================== -->
    <Dimension name="Customer" foreignKey="CustomerKey">
      <Hierarchy hasAll="true" primaryKey="CustomerKey">
        <Table name="dim_customer"/>
        <Level name="CustomerType" column="CustomerType"/>
        <Level name="IsNewCustomer" column="IsNewCustomer" type="Numeric"/>
        <Level name="City" column="City"/>
        <Level name="Country" column="Country"/>
      </Hierarchy>
    </Dimension>

    <!-- ===================================================== -->
    <!-- DIMENSION EMPLOYEE -->
    <!-- ===================================================== -->
    <Dimension name="Employee" foreignKey="EmployeeKey">
      <Hierarchy hasAll="true" primaryKey="EmployeeKey">
        <Table name="dim_employee"/>
        <Level name="SalesPerson" column="SalesPersonName"/>
        <Level name="PayRate" column="CurrentPayRate" type="Numeric"/>
      </Hierarchy>
    </Dimension>

    <!-- ===================================================== -->
    <!-- DIMENSION CHANNEL -->
    <!-- ===================================================== -->
    <Dimension name="Channel" foreignKey="ChannelKey">
      <Hierarchy hasAll="true" primaryKey="ChannelKey">
        <Table name="dim_channel"/>
        <Level name="Channel" column="ChannelName"/>
      </Hierarchy>
    </Dimension>

    <!-- ===================================================== -->
    <!-- DIMENSION VENDOR -->
    <!-- ===================================================== -->
    <Dimension name="Vendor" foreignKey="VendorKey">
      <Hierarchy hasAll="true" primaryKey="VendorKey">
        <Table name="dim_vendor"/>
        <Level name="Vendor" column="VendorName"/>
        <Level name="AvgLeadTime" column="AvgLeadTime" type="Numeric"/>
      </Hierarchy>
    </Dimension>

    <!-- ===================================================== -->
    <!-- ===================== MEASURES ======================= -->
    <!-- ===================================================== -->

    <!-- SALES MEASURES -->
    <Measure name="Total Sales Amount"
             column="SalesAmount"
             aggregator="sum"
             formatString="#,###.00"/>

    <Measure name="Total Order Quantity"
             column="OrderQty"
             aggregator="sum"/>

    <Measure name="Total Transactions"
             column="SalesKey"
             aggregator="count"/>

    <!-- PROCUREMENT MEASURE -->
    <Measure name="Total Purchase Quantity"
             column="PurchaseQty"
             aggregator="sum"/>

    

  </Cube>

</Schema>
